fecha,indicativo,nombre,provincia,altitud,tmed,prec,tmin,horatmin,tmax,horatmax,dir,velmedia,racha,horaracha
2020-01-01,8058X,OLIVA,VALENCIA,5,"8,4","0,0","3,1",07:00,"13,8",13:50,04,"0,6","3,3",12:50
2020-01-02,8058X,OLIVA,VALENCIA,5,"9,2","0,0","4,6",23:40,"13,9",13:50,26,"1,4","3,3",05:40
2020-01-03,8058X,OLIVA,VALENCIA,5,"8,5","0,0","3,2",07:40,"13,8",13:10,27,"1,1","3,9",21:50
2020-01-04,8058X,OLIVA,VALENCIA,5,"10,0","0,0","4,7",22:40,"15,3",13:50,05,"0,8","3,6",13:50
2020-01-05,8058X,OLIVA,VALENCIA,5,"8,8","0,0","2,4",06:40,"15,2",14:00,36,"0,6","4,7",11:20
2020-01-06,8058X,OLIVA,VALENCIA,5,"10,2","0,0","5,3",00:10,"15,2",11:30,29,"1,4","4,7",01:50
2020-01-07,8058X,OLIVA,VALENCIA,5,"9,4","0,0","4,1",04:00,"14,6",16:00,11,"1,1","4,7",14:20
2020-01-08,8058X,OLIVA,VALENCIA,5,"9,2","0,0","3,1",05:50,"15,2",12:10,36,"1,4","6,9",15:40
2020-01-09,8058X,OLIVA,VALENCIA,5,"10,6","0,0","6,7",07:50,"14,6",12:10,30,"1,1","4,7",23:10
2020-01-10,8058X,OLIVA,VALENCIA,5,"10,0","5,6","4,9",05:00,"15,1",12:50,01,"3,6","15,0",15:30
2020-01-11,8058X,OLIVA,VALENCIA,5,"9,3","0,0","3,9",23:59,"14,7",14:00,30,"1,7","5,0",10:00
2020-01-12,8058X,OLIVA,VALENCIA,5,"7,6","0,0","1,3",07:10,"14,0",13:20,99,"1,1","3,6",Varias
2020-01-13,8058X,OLIVA,VALENCIA,5,"7,6","0,0","0,2",05:00,"15,0",15:20,99,"1,1","4,2",12:40
2020-01-14,8058X,OLIVA,VALENCIA,5,"10,8","0,0","5,3",21:30,"16,3",11:50,14,"1,1","5,3",14:50
2020-01-15,8058X,OLIVA,VALENCIA,5,"12,4","0,0","5,5",00:20,"19,4",14:20,27,"1,1","6,9",04:20
2020-01-16,8058X,OLIVA,VALENCIA,5,"11,4","0,0","7,0",22:20,"15,7",11:40,27,"0,8","5,0",01:40
2020-01-17,8058X,OLIVA,VALENCIA,5,"13,0","0,0","6,3",03:30,"19,7",12:20,30,"2,2","13,6",10:40
2020-01-18,8058X,OLIVA,VALENCIA,5,"14,0","0,3","8,9",06:40,"19,1",15:10,99,"1,4","6,4",15:50
2020-01-19,8058X,OLIVA,VALENCIA,5,"11,1","78,9","8,5",12:40,"13,7",03:50,03,"6,1","23,3",15:50
2020-01-20,8058X,OLIVA,VALENCIA,5,"10,6","100,5","8,2",03:40,"13,1",18:00,02,"9,4","31,9",08:20
2020-01-21,8058X,OLIVA,VALENCIA,5,"11,8","6,4","8,9",00:20,"14,6",13:50,,,,
2020-01-22,8058X,OLIVA,VALENCIA,5,"10,6","0,0","7,1",02:40,"14,0",13:30,,,,
2020-01-23,8058X,OLIVA,VALENCIA,5,"8,8","0,0","5,1",07:00,"12,6",14:50,,,,
2020-01-24,8058X,OLIVA,VALENCIA,5,"10,7","0,0","7,5",00:20,"13,9",11:40,,,,
2020-01-25,8058X,OLIVA,VALENCIA,5,"12,2","0,1","9,8",07:50,"14,7",11:50,,,,
2020-01-26,8058X,OLIVA,VALENCIA,5,"13,9","0,0","8,7",04:30,"19,1",13:50,,,,
2020-01-27,8058X,OLIVA,VALENCIA,5,"13,6","0,0","8,5",04:30,"18,6",14:00,,,,
2020-01-28,8058X,OLIVA,VALENCIA,5,"16,0","0,0","13,4",01:10,"18,5",13:30,,,,
2020-01-29,8058X,OLIVA,VALENCIA,5,"18,6","0,0","14,5",01:10,"22,6",14:00,,,,
2020-01-30,8058X,OLIVA,VALENCIA,5,"18,4","0,0","14,1",07:40,"22,8",13:50,,,,
2020-01-31,8058X,OLIVA,VALENCIA,5,"18,0","0,0","14,6",23:59,"21,4",12:30,,,,
2020-02-01,8058X,OLIVA,VALENCIA,5,"18,8","0,0","13,9",02:40,"23,7",14:20,,,,
2020-02-02,8058X,OLIVA,VALENCIA,5,"18,3","0,0","12,0",23:50,"24,6",14:10,,,,
2020-02-03,8058X,OLIVA,VALENCIA,5,"15,4","0,0","9,6",07:30,"21,2",16:10,,,,
2020-02-04,8058X,OLIVA,VALENCIA,5,"20,0","0,0","12,7",00:10,"27,4",13:00,,,,
2020-02-05,8058X,OLIVA,VALENCIA,5,"11,4","0,0","7,1",23:59,"15,7",00:10,,,,
2020-02-06,8058X,OLIVA,VALENCIA,5,"10,2","0,0","5,6",04:50,"14,7",14:20,,,,
2020-02-07,8058X,OLIVA,VALENCIA,5,"11,0","0,0","6,7",00:40,"15,2",12:20,,,,
2020-02-08,8058X,OLIVA,VALENCIA,5,"9,8","0,0","4,8",07:00,"14,9",14:20,,,,
2020-02-09,8058X,OLIVA,VALENCIA,5,"11,7","0,0","7,9",06:40,"15,5",15:10,,,,
2020-02-10,8058X,OLIVA,VALENCIA,5,"16,8","0,0","8,9",00:20,"24,8",14:50,,,,
2020-02-11,8058X,OLIVA,VALENCIA,5,"18,4","0,0","12,3",23:59,"24,5",11:30,,,,
2020-02-12,8058X,OLIVA,VALENCIA,5,"14,0","0,0","9,9",03:20,"18,1",13:40,,,,
2020-02-13,8058X,OLIVA,VALENCIA,5,"16,3","0,0","9,5",07:20,"23,1",13:30,,,,
2020-02-14,8058X,OLIVA,VALENCIA,5,"13,6","0,0","9,0",23:59,"18,1",09:30,,,,
2020-02-15,8058X,OLIVA,VALENCIA,5,"12,4","0,0","6,6",06:40,"18,1",17:00,,,,
2020-02-16,8058X,OLIVA,VALENCIA,5,"14,1","0,1","10,2",07:00,"18,0",16:40,,,,
2020-02-17,8058X,OLIVA,VALENCIA,5,"14,8","0,9","7,7",05:40,"21,9",15:30,,,,
2020-02-18,8058X,OLIVA,VALENCIA,5,"14,0","0,4","13,1",23:59,"14,9",11:50,,,,
2020-02-19,8058X,OLIVA,VALENCIA,5,"12,2","0,0","8,3",23:59,"16,1",13:40,,,,
2020-02-20,8058X,OLIVA,VALENCIA,5,"11,4","0,0","5,6",07:00,"17,2",15:20,,,,
2020-02-21,8058X,OLIVA,VALENCIA,5,"11,0","0,0","5,8",04:40,"16,1",11:30,,,,
2020-02-22,8058X,OLIVA,VALENCIA,5,"10,6","0,0","4,2",06:50,"17,1",13:30,,,,
2020-02-23,8058X,OLIVA,VALENCIA,5,"11,8","0,0","5,4",06:30,"18,2",17:00,,,,
2020-02-24,8058X,OLIVA,VALENCIA,5,"12,2","0,0","4,5",07:00,"19,8",17:00,,,,
2020-02-25,8058X,OLIVA,VALENCIA,5,"17,2","0,0","7,8",00:50,"26,5",14:30,,,,
2020-02-26,8058X,OLIVA,VALENCIA,5,"17,4","0,0","12,4",23:59,"22,5",13:50,,,,
2020-02-28,8058X,OLIVA,VALENCIA,5,"16,6","0,0","10,8",23:59,"22,3",10:30,,,,
2020-02-29,8058X,OLIVA,VALENCIA,5,"16,7","0,0","6,9",06:00,"26,5",13:20,,,,
2020-03-01,8058X,OLIVA,VALENCIA,5,"18,6","0,0","14,0",22:20,"23,3",14:30,24,"4,2","13,9",23:40
2020-03-02,8058X,OLIVA,VALENCIA,5,"18,0","0,0","12,3",20:50,"23,6",12:20,29,"5,3","23,3",10:30
2020-03-03,8058X,OLIVA,VALENCIA,5,"16,4","0,0","10,4",06:00,"22,5",15:50,,,,
2020-03-04,8058X,OLIVA,VALENCIA,5,"20,5","0,0","16,3",06:40,"24,7",14:10,,,,
2020-03-05,8058X,OLIVA,VALENCIA,5,"20,1","0,0","14,4",04:00,"25,8",13:30,,,,
2020-03-06,8058X,OLIVA,VALENCIA,5,"15,3","0,0","12,1",19:50,"18,5",12:40,27,"3,9","16,4",08:40
2020-03-07,8058X,OLIVA,VALENCIA,5,"13,6","0,0","8,8",23:10,"18,5",13:40,31,"3,6","11,4",03:40
2020-03-08,8058X,OLIVA,VALENCIA,5,"14,4","0,0","8,3",05:10,"20,6",10:40,33,"1,9","8,3",20:50
2020-03-09,8058X,OLIVA,VALENCIA,5,"16,4","0,0","10,8",23:59,"21,9",13:50,29,"2,2","7,5",08:30
2020-03-10,8058X,OLIVA,VALENCIA,5,"14,6","0,0","8,8",03:50,"20,3",17:40,14,"1,9","7,8",15:50
2020-03-11,8058X,OLIVA,VALENCIA,5,"14,6","0,0","9,0",05:40,"20,3",15:00,34,"1,1","5,6",18:30
2020-03-12,8058X,OLIVA,VALENCIA,5,"13,8","0,0","9,5",05:00,"18,1",12:10,99,"1,1","5,3",19:50
2020-03-13,8058X,OLIVA,VALENCIA,5,"14,0","0,0","11,0",03:00,"17,1",11:30,01,"2,5","6,7",13:20
2020-03-14,8058X,OLIVA,VALENCIA,5,"13,6","0,0","9,6",05:50,"17,7",17:00,10,"1,4","6,4",16:20
2020-03-15,8058X,OLIVA,VALENCIA,5,"14,7","0,3","10,9",05:10,"18,5",15:00,11,"3,3","11,1",13:20
2020-03-16,8058X,OLIVA,VALENCIA,5,"13,0","11,8","9,4",20:00,"16,6",09:30,32,"1,7","10,0",22:30
2020-03-17,8058X,OLIVA,VALENCIA,5,"12,3","4,5","9,6",03:00,"15,0",17:00,,,,
2020-03-18,8058X,OLIVA,VALENCIA,5,"14,6","0,0","13,2",23:59,"16,1",11:50,,,,
2020-03-19,8058X,OLIVA,VALENCIA,5,"15,0","0,0","12,9",02:50,"17,0",14:30,,,,
2020-03-20,8058X,OLIVA,VALENCIA,5,"15,2","0,8","13,7",05:50,"16,8",11:40,,,,
2020-03-21,8058X,OLIVA,VALENCIA,5,"12,6","19,4","10,7",23:00,"14,4",00:10,,,,
2020-03-22,8058X,OLIVA,VALENCIA,5,"12,4","18,4","10,5",02:40,"14,3",12:40,,,,
2020-03-23,8058X,OLIVA,VALENCIA,5,"13,6","10,9","11,2",06:40,"16,0",14:50,,,,
2020-03-24,8058X,OLIVA,VALENCIA,5,"14,1","1,8","13,2",23:40,"15,0",Varias,,,,
2020-03-25,8058X,OLIVA,VALENCIA,5,"10,8","9,4","8,3",23:59,"13,4",00:10,,,,
2020-03-26,8058X,OLIVA,VALENCIA,5,"11,2","2,5","6,7",05:40,"15,6",13:50,,,,
2020-03-27,8058X,OLIVA,VALENCIA,5,"10,0","1,5","8,3",04:40,"11,8",14:10,,,,
2020-03-28,8058X,OLIVA,VALENCIA,5,"11,7","0,0","7,2",03:40,"16,2",13:40,,,,
2020-03-29,8058X,OLIVA,VALENCIA,5,"14,4","0,0","7,0",06:00,"21,9",16:00,,,,
2020-03-30,8058X,OLIVA,VALENCIA,5,"13,1","10,6","10,1",21:50,"16,1",00:10,,,,
2020-03-31,8058X,OLIVA,VALENCIA,5,"11,3","1,8","8,3",06:40,"14,3",14:30,,,,
2020-04-01,8058X,OLIVA,VALENCIA,5,"14,9","10,4","11,4",04:20,"18,4",10:50,,,,
2020-04-02,8058X,OLIVA,VALENCIA,5,"13,6","1,2","11,8",23:50,"15,3",14:00,,,,
2020-04-03,8058X,OLIVA,VALENCIA,5,"13,4","0,0","9,8",23:10,"17,1",10:20,,,,
2020-04-04,8058X,OLIVA,VALENCIA,5,"13,4","0,0","8,4",04:10,"18,5",15:50,,,,
2020-04-05,8058X,OLIVA,VALENCIA,5,"13,2","0,0","9,2",01:00,"17,3",13:40,,,,
2020-04-06,8058X,OLIVA,VALENCIA,5,"13,8","0,0","10,0",00:10,"17,6",16:40,,,,
2020-04-07,8058X,OLIVA,VALENCIA,5,"14,6","0,0","11,1",23:59,"18,2",12:30,,,,
2020-04-08,8058X,OLIVA,VALENCIA,5,"13,6","0,0","9,5",05:30,"17,7",14:00,,,,
2020-04-09,8058X,OLIVA,VALENCIA,5,"14,3","0,0","10,5",03:50,"18,1",12:40,,,,
2020-04-10,8058X,OLIVA,VALENCIA,5,"15,3","0,0","12,0",06:00,"18,6",12:50,,,,
2020-04-11,8058X,OLIVA,VALENCIA,5,"15,2","0,0","11,5",04:00,"18,9",11:10,,,,
2020-04-12,8058X,OLIVA,VALENCIA,5,"15,0","5,1","11,1",05:50,"18,9",13:50,,,,
2020-04-13,8058X,OLIVA,VALENCIA,5,"15,1","0,0","11,9",02:40,"18,3",11:20,,,,
2020-04-14,8058X,OLIVA,VALENCIA,5,"16,5","2,3","14,8",23:59,"18,2",10:10,,,,
2020-04-15,8058X,OLIVA,VALENCIA,5,"15,7","10,3","14,7",08:40,"16,7",16:00,,,,
2020-04-16,8058X,OLIVA,VALENCIA,5,"15,8","0,6","13,1",23:30,"18,5",10:50,,,,
2020-04-17,8058X,OLIVA,VALENCIA,5,"15,4","2,7","12,6",02:30,"18,1",14:50,,,,
2020-04-18,8058X,OLIVA,VALENCIA,5,"15,3","1,5","13,5",02:50,"17,1",15:00,,,,
2020-04-19,8058X,OLIVA,VALENCIA,5,"15,7","10,8","14,8",23:50,"16,6",16:50,,,,
2020-04-20,8058X,OLIVA,VALENCIA,5,"19,0","0,0","14,4",05:00,"23,6",11:10,,,,
2020-04-21,8058X,OLIVA,VALENCIA,5,"15,5","5,8","13,1",21:30,"17,9",12:00,,,,
2020-04-22,8058X,OLIVA,VALENCIA,5,"16,4","0,9","12,8",02:00,"20,1",13:50,,,,
2020-04-23,8058X,OLIVA,VALENCIA,5,"15,0","0,0","11,7",04:00,"18,3",12:00,,,,
2020-04-24,8058X,OLIVA,VALENCIA,5,"15,6","0,0","12,0",05:40,"19,1",10:50,,,,
2020-04-25,8058X,OLIVA,VALENCIA,5,"15,2","0,0","11,9",01:00,"18,6",13:50,,,,
2020-04-26,8058X,OLIVA,VALENCIA,5,"15,4","0,0","10,6",05:10,"20,2",15:00,,,,
2020-04-27,8058X,OLIVA,VALENCIA,5,"18,0","0,1","12,7",05:20,"23,4",10:40,,,,
2020-04-28,8058X,OLIVA,VALENCIA,5,"18,9","0,0","13,5",05:30,"24,3",16:00,,,,
2020-04-29,8058X,OLIVA,VALENCIA,5,"20,0","0,0","13,9",03:00,"26,0",13:00,,,,
2020-04-30,8058X,OLIVA,VALENCIA,5,"22,7","0,0","17,7",02:40,"27,7",15:00,,,,
2020-05-01,8058X,OLIVA,VALENCIA,5,"23,8","0,0","16,9",04:50,"30,8",15:40,,,,
2020-05-02,8058X,OLIVA,VALENCIA,5,"24,8","0,0","18,8",05:30,"30,8",12:00,,,,
2020-05-03,8058X,OLIVA,VALENCIA,5,"20,8","0,0","15,7",05:00,"25,9",13:20,,,,
2020-05-04,8058X,OLIVA,VALENCIA,5,"18,0","0,0","14,6",05:50,"21,5",10:20,,,,
2020-05-05,8058X,OLIVA,VALENCIA,5,"19,5","0,0","14,9",05:20,"24,1",15:20,,,,
2020-05-06,8058X,OLIVA,VALENCIA,5,"19,0","0,0","15,1",05:20,"23,0",13:40,,,,
2020-05-07,8058X,OLIVA,VALENCIA,5,"19,6","0,0","15,2",05:20,"23,9",12:20,,,,
2020-05-08,8058X,OLIVA,VALENCIA,5,"19,8","0,0","16,9",23:59,"22,6",14:00,,,,
2020-05-09,8058X,OLIVA,VALENCIA,5,"19,8","0,7","15,9",05:00,"23,7",16:40,,,,
2020-05-10,8058X,OLIVA,VALENCIA,5,"20,9","0,7","15,7",08:20,"26,1",14:20,,,,
2020-05-11,8058X,OLIVA,VALENCIA,5,"23,3","0,0","18,0",01:30,"28,6",16:00,,,,
2020-05-12,8058X,OLIVA,VALENCIA,5,"20,0","0,0","16,9",Varias,"23,1",08:50,,,,
2020-05-13,8058X,OLIVA,VALENCIA,5,"19,8","9,6","14,7",05:10,"24,8",11:40,,,,
2020-05-14,8058X,OLIVA,VALENCIA,5,"17,2","3,0","13,7",08:50,"20,7",17:50,,,,
2020-05-15,8058X,OLIVA,VALENCIA,5,"16,4","0,7","11,5",04:00,"21,3",13:20,,,,
2020-05-16,8058X,OLIVA,VALENCIA,5,"17,4","1,5","14,3",11:30,"20,4",16:10,,,,
2020-05-17,8058X,OLIVA,VALENCIA,5,"18,0","0,0","14,8",05:00,"21,3",12:50,,,,
2020-05-18,8058X,OLIVA,VALENCIA,5,"19,4","0,0","13,5",04:40,"25,4",16:10,,,,
2020-05-19,8058X,OLIVA,VALENCIA,5,"21,1","0,0","13,8",05:00,"28,4",16:00,,,,
2020-05-20,8058X,OLIVA,VALENCIA,5,"20,1","0,0","15,5",04:50,"24,7",12:30,,,,
2020-05-21,8058X,OLIVA,VALENCIA,5,"23,7","0,0","16,7",04:50,"30,7",17:00,,,,
2020-05-22,8058X,OLIVA,VALENCIA,5,"22,6","0,0","17,6",04:30,"27,5",18:00,,,,
2020-05-23,8058X,OLIVA,VALENCIA,5,"22,6","0,0","16,8",04:00,"28,5",16:50,,,,
2020-05-24,8058X,OLIVA,VALENCIA,5,"20,9","0,0","17,6",23:59,"24,2",12:40,,,,
2020-05-25,8058X,OLIVA,VALENCIA,5,"19,4","0,0","15,4",05:30,"23,4",12:00,,,,
2020-05-26,8058X,OLIVA,VALENCIA,5,"19,8","0,0","15,6",04:00,"24,1",11:50,,,,
2020-05-27,8058X,OLIVA,VALENCIA,5,"20,3","0,0","15,3",03:20,"25,3",13:10,,,,
2020-05-28,8058X,OLIVA,VALENCIA,5,"20,5","0,0","16,9",23:59,"24,1",12:50,,,,
2020-05-29,8058X,OLIVA,VALENCIA,5,"20,6","0,0","14,0",04:40,"27,1",14:20,,,,
2020-05-30,8058X,OLIVA,VALENCIA,5,"20,9","0,0","14,5",05:00,"27,3",17:20,,,,
2020-05-31,8058X,OLIVA,VALENCIA,5,"20,9","0,0","15,6",05:00,"26,2",15:40,,,,
2020-06-01,8058X,OLIVA,VALENCIA,5,"22,4","0,0","17,8",05:00,"27,1",18:00,,,,
2020-06-02,8058X,OLIVA,VALENCIA,5,"23,4","0,0","17,8",04:50,"29,0",16:20,,,,
2020-06-03,8058X,OLIVA,VALENCIA,5,"24,8","0,0","17,7",04:20,"31,9",16:40,,,,
2020-06-04,8058X,OLIVA,VALENCIA,5,"23,2","0,4","17,7",Varias,"28,6",09:10,,,,
2020-06-05,8058X,OLIVA,VALENCIA,5,"23,0","0,0","16,7",04:30,"29,4",11:30,,,,
2020-06-06,8058X,OLIVA,VALENCIA,5,"24,6","0,0","17,1",05:00,"32,0",16:00,,,,
2020-06-07,8058X,OLIVA,VALENCIA,5,"24,0","3,9","19,6",02:00,"28,5",15:20,,,,
2020-06-08,8058X,OLIVA,VALENCIA,5,"18,2","6,4","15,9",12:30,"20,4",07:50,,,,
2020-06-09,8058X,OLIVA,VALENCIA,5,"20,9","0,0","15,3",04:30,"26,5",14:10,,,,
2020-06-10,8058X,OLIVA,VALENCIA,5,"21,3","0,0","16,5",05:00,"26,1",17:40,,,,
2020-06-11,8058X,OLIVA,VALENCIA,5,"25,4","0,0","18,5",05:20,"32,2",14:40,,,,
2020-06-12,8058X,OLIVA,VALENCIA,5,"24,6","0,0","20,2",05:10,"29,1",12:10,,,,
2020-06-13,8058X,OLIVA,VALENCIA,5,"23,4","0,0","17,8",03:40,"29,0",12:30,,,,
2020-06-14,8058X,OLIVA,VALENCIA,5,"23,2","0,0","16,3",05:00,"30,1",15:20,,,,
2020-06-15,8058X,OLIVA,VALENCIA,5,"22,8","0,0","16,5",05:00,"29,0",18:10,,,,
2020-06-16,8058X,OLIVA,VALENCIA,5,"22,2","0,0","18,7",05:00,"25,8",12:10,,,,
2020-06-17,8058X,OLIVA,VALENCIA,5,"21,8","0,9","18,6",05:30,"25,0",11:10,,,,
2020-06-18,8058X,OLIVA,VALENCIA,5,"22,0","1,3","18,2",04:00,"25,9",11:40,,,,
2020-06-19,8058X,OLIVA,VALENCIA,5,"24,0","6,1","20,6",08:50,"27,4",17:30,,,,
2020-06-20,8058X,OLIVA,VALENCIA,5,"24,4","0,0","18,9",05:00,"29,8",16:20,,,,
2020-06-21,8058X,OLIVA,VALENCIA,5,"22,4","0,0","18,4",05:00,"26,5",13:00,,,,
2020-06-22,8058X,OLIVA,VALENCIA,5,"25,9","0,0","19,6",05:00,"32,2",14:30,,,,
2020-06-23,8058X,OLIVA,VALENCIA,5,"24,0","0,0","19,3",04:50,"28,6",15:40,,,,
2020-06-24,8058X,OLIVA,VALENCIA,5,"22,6","0,0","19,1",04:50,"26,2",12:20,,,,
2020-06-25,8058X,OLIVA,VALENCIA,5,"23,6","0,0","20,0",05:00,"27,3",14:00,,,,
2020-06-26,8058X,OLIVA,VALENCIA,5,"24,0","0,0","19,1",04:30,"28,9",14:10,,,,
2020-06-27,8058X,OLIVA,VALENCIA,5,"24,0","0,0","20,2",04:50,"27,7",14:40,,,,
2020-06-28,8058X,OLIVA,VALENCIA,5,"24,8","0,0","20,5",05:00,"29,1",18:50,,,,
2020-06-29,8058X,OLIVA,VALENCIA,5,"26,9","0,0","20,8",05:20,"33,0",17:30,,,,
2020-06-30,8058X,OLIVA,VALENCIA,5,"25,1","0,0","22,3",05:00,"27,9",09:50,,,,
2020-07-14,8058X,OLIVA,VALENCIA,5,"24,2",,"20,2",23:59,"28,3",14:00,,,,
2020-07-16,8058X,OLIVA,VALENCIA,5,"24,4","0,0","19,7",05:00,"29,2",15:00,,,,
2020-07-17,8058X,OLIVA,VALENCIA,5,"25,4","0,0","20,9",05:30,"29,8",13:10,,,,
2020-07-18,8058X,OLIVA,VALENCIA,5,"25,8","0,0","21,4",04:10,"30,2",15:00,,,,
2020-07-21,8058X,OLIVA,VALENCIA,5,,"0,0",,,,,,,,
2020-07-22,8058X,OLIVA,VALENCIA,5,"25,6","0,6","21,7",23:59,"29,4",12:40,,,,
2020-07-23,8058X,OLIVA,VALENCIA,5,"25,2","0,0","20,4",04:00,"30,0",13:30,,,,
2020-08-02,8058X,OLIVA,VALENCIA,5,"27,0","0,0","23,3",05:00,"30,7",11:20,,,,
2020-08-04,8058X,OLIVA,VALENCIA,5,"27,3","0,0","22,8",04:20,"31,8",15:10,,,,
2020-08-23,8058X,OLIVA,VALENCIA,5,"27,4","0,0","24,7",06:00,"30,2",11:00,,,,
2020-08-26,8058X,OLIVA,VALENCIA,5,,"0,0",,,,,,,,
2020-08-27,8058X,OLIVA,VALENCIA,5,"26,6","0,0","21,6",06:00,"31,7",17:10,,,,
2020-08-28,8058X,OLIVA,VALENCIA,5,"28,1","0,0","22,5",05:00,"33,7",16:30,,,,
2020-08-29,8058X,OLIVA,VALENCIA,5,"22,6","0,0","18,7",Varias,"26,5",10:40,,,,
2020-08-30,8058X,OLIVA,VALENCIA,5,"20,6","0,0","16,2",05:50,"25,0",14:40,,,,
2020-09-01,8058X,OLIVA,VALENCIA,5,,"0,0",,,,,,,,
2020-09-02,8058X,OLIVA,VALENCIA,5,,"3,6",,,,,,,,
2020-09-03,8058X,OLIVA,VALENCIA,5,,"0,0",,,,,,,,
2020-09-04,8058X,OLIVA,VALENCIA,5,,"0,0",,,,,,,,
2020-09-05,8058X,OLIVA,VALENCIA,5,"22,6","0,0","18,0",05:40,"27,3",12:20,,,,
2020-09-06,8058X,OLIVA,VALENCIA,5,"23,6","0,0","19,7",04:50,"27,5",13:10,,,,
2020-09-10,8058X,OLIVA,VALENCIA,5,,"0,0",,,,,,,,
2020-09-11,8058X,OLIVA,VALENCIA,5,"24,2","0,0","16,9",06:00,"31,6",16:10,,,,
2020-09-12,8058X,OLIVA,VALENCIA,5,"24,1","0,0","20,0",23:40,"28,2",16:00,,,,
2020-09-13,8058X,OLIVA,VALENCIA,5,"24,0","0,0","19,8",06:00,"28,2",10:30,,,,
2020-09-14,8058X,OLIVA,VALENCIA,5,,"0,0",,,,,,,,
2020-09-15,8058X,OLIVA,VALENCIA,5,"24,6","0,0","21,1",06:30,"28,0",12:30,,,,
2020-09-16,8058X,OLIVA,VALENCIA,5,"23,8","0,0","19,6",06:00,"28,1",16:40,,,,
2020-09-17,8058X,OLIVA,VALENCIA,5,"25,2","0,3","20,7",01:00,"29,6",16:20,,,,
2020-09-18,8058X,OLIVA,VALENCIA,5,"23,0","1,1","19,4",23:59,"26,6",16:30,,,,
2020-09-19,8058X,OLIVA,VALENCIA,5,"23,5","0,0","17,5",05:40,"29,5",11:30,,,,
2020-09-20,8058X,OLIVA,VALENCIA,5,"25,6","0,0","20,1",04:30,"31,1",13:30,,,,
2020-09-21,8058X,OLIVA,VALENCIA,5,"24,4","0,0","19,5",02:40,"29,3",10:40,,,,
2020-09-22,8058X,OLIVA,VALENCIA,5,"24,1","0,0","18,9",06:00,"29,3",16:00,,,,
2020-09-23,8058X,OLIVA,VALENCIA,5,"24,4","0,0","20,0",06:00,"28,8",09:50,,,,
2020-09-24,8058X,OLIVA,VALENCIA,5,"26,6","0,0","21,4",03:00,"31,7",12:50,,,,
2020-09-26,8058X,OLIVA,VALENCIA,5,,"0,0",,,,,,,,
2020-09-27,8058X,OLIVA,VALENCIA,5,"19,2","0,0","14,5",23:59,"24,0",09:00,,,,
2020-09-29,8058X,OLIVA,VALENCIA,5,"19,1","0,0","13,9",01:50,"24,3",13:00,,,,
2020-09-30,8058X,OLIVA,VALENCIA,5,"19,8","0,0","13,9",06:00,"25,8",14:10,,,,
2020-10-01,8058X,OLIVA,VALENCIA,5,"22,9","0,0","15,2",06:00,"30,6",11:20,99,"1,7","8,6",22:50
2020-10-02,8058X,OLIVA,VALENCIA,5,,"2,0",,,,,,,,
2020-10-03,8058X,OLIVA,VALENCIA,5,"18,3","0,0","12,4",04:30,"24,2",13:20,,,,
2020-10-04,8058X,OLIVA,VALENCIA,5,"19,4","0,0","12,8",04:30,"26,0",13:20,,,,
2020-10-05,8058X,OLIVA,VALENCIA,5,"18,0","0,0","13,0",23:00,"23,1",13:00,,,,
2020-10-06,8058X,OLIVA,VALENCIA,5,"19,4","0,0","11,8",04:30,"26,9",10:40,,,,
2020-10-07,8058X,OLIVA,VALENCIA,5,"22,2","0,0","16,1",03:00,"28,3",10:40,,,,
2020-10-08,8058X,OLIVA,VALENCIA,5,"20,2","0,0","15,3",05:50,"25,0",15:40,,,,
2020-10-09,8058X,OLIVA,VALENCIA,5,"21,4","0,0","16,4",05:50,"26,4",14:40,,,,
2020-10-10,8058X,OLIVA,VALENCIA,5,"21,0","5,6","17,7",22:40,"24,2",16:00,,,,
2020-10-11,8058X,OLIVA,VALENCIA,5,"17,6","0,0","13,6",20:40,"21,5",12:50,,,,
2020-10-12,8058X,OLIVA,VALENCIA,5,"16,7","0,0","11,9",05:30,"21,5",12:20,,,,
2020-10-13,8058X,OLIVA,VALENCIA,5,"20,0","0,0","13,6",01:00,"26,5",11:20,,,,
2020-10-14,8058X,OLIVA,VALENCIA,5,"16,3","0,0","12,8",23:59,"19,8",13:50,,,,
2020-10-15,8058X,OLIVA,VALENCIA,5,"16,6","0,0","10,5",06:20,"22,6",13:20,,,,
2020-10-16,8058X,OLIVA,VALENCIA,5,"14,3","0,0","9,5",06:30,"19,1",12:40,,,,
2020-10-17,8058X,OLIVA,VALENCIA,5,"15,3","0,0","8,8",06:20,"21,8",15:30,,,,
2020-10-18,8058X,OLIVA,VALENCIA,5,"16,9","0,0","12,1",06:20,"21,7",11:50,,,,
2020-10-19,8058X,OLIVA,VALENCIA,5,"16,8","0,0","11,1",05:30,"22,6",14:50,,,,
2020-10-20,8058X,OLIVA,VALENCIA,5,"16,8","0,0","12,5",01:40,"21,1",11:00,,,,
2020-10-21,8058X,OLIVA,VALENCIA,5,"20,0","0,0","16,7",00:10,"23,4",14:20,,,,
2020-10-22,8058X,OLIVA,VALENCIA,5,"19,2","0,5","16,9",Varias,"21,6",11:20,,,,
2020-10-23,8058X,OLIVA,VALENCIA,5,"20,2","0,0","15,1",23:40,"25,4",13:20,,,,
2020-10-24,8058X,OLIVA,VALENCIA,5,"19,7","0,0","14,2",06:40,"25,2",13:50,,,,
2020-10-25,8058X,OLIVA,VALENCIA,5,"20,8","0,0","15,3",06:00,"26,3",12:30,,,,
2020-10-26,8058X,OLIVA,VALENCIA,5,"17,3","0,0","13,9",23:59,"20,7",15:00,,,,
2020-10-27,8058X,OLIVA,VALENCIA,5,"16,6","0,0","10,6",06:00,"22,7",13:50,,,,
2020-10-28,8058X,OLIVA,VALENCIA,5,"18,4","0,0","13,6",05:20,"23,2",10:50,,,,
2020-10-29,8058X,OLIVA,VALENCIA,5,"16,3","0,0","10,9",06:30,"21,7",13:50,,,,
2020-11-01,8058X,OLIVA,VALENCIA,5,"17,4","0,0","11,6",05:50,"23,2",16:30,,,,
2020-11-02,8058X,OLIVA,VALENCIA,5,"15,8","0,0","10,3",06:40,"21,3",13:00,,,,
2020-11-03,8058X,OLIVA,VALENCIA,5,"16,9","2,2","12,9",Varias,"20,9",13:50,,,,
2020-11-04,8058X,OLIVA,VALENCIA,5,"16,0","53,9","13,5",13:00,"18,6",00:20,,,,
2020-11-05,8058X,OLIVA,VALENCIA,5,"17,0","11,9","14,4",00:10,"19,7",15:00,,,,
2020-11-06,8058X,OLIVA,VALENCIA,5,"19,2","0,7","16,9",00:20,"21,5",14:00,,,,
2020-11-07,8058X,OLIVA,VALENCIA,5,"17,2","0,1","13,7",23:59,"20,6",13:10,,,,
2020-11-08,8058X,OLIVA,VALENCIA,5,"15,8","0,0","11,2",04:00,"20,4",11:10,,,,
2020-11-09,8058X,OLIVA,VALENCIA,5,,"0,0",,,,,,,,
2020-11-10,8058X,OLIVA,VALENCIA,5,,"0,0",,,,,,,,
2020-11-11,8058X,OLIVA,VALENCIA,5,"15,2","0,0","11,2",06:50,"19,3",12:00,,,,
2020-11-12,8058X,OLIVA,VALENCIA,5,"14,4","0,1","9,8",07:00,"18,9",13:20,,,,
2020-11-13,8058X,OLIVA,VALENCIA,5,"16,4","0,0","13,5",23:59,"19,4",13:20,,,,
2020-11-14,8058X,OLIVA,VALENCIA,5,"16,0","0,2","13,4",01:00,"18,6",11:50,,,,
2020-11-15,8058X,OLIVA,VALENCIA,5,"19,7","0,0","14,2",03:00,"25,2",14:40,,,,
2020-11-16,8058X,OLIVA,VALENCIA,5,"20,1","0,0","15,2",Varias,"25,0",10:00,,,,
2020-11-17,8058X,OLIVA,VALENCIA,5,"16,3","0,0","12,6",07:00,"20,0",11:50,,,,
2020-11-18,8058X,OLIVA,VALENCIA,5,"16,5","0,0","13,1",02:00,"19,9",12:50,,,,
2020-11-19,8058X,OLIVA,VALENCIA,5,"15,8","0,0","11,6",23:59,"20,1",13:00,,,,
2020-11-20,8058X,OLIVA,VALENCIA,5,"13,2","0,0","8,1",23:59,"18,4",13:20,,,,
2020-11-21,8058X,OLIVA,VALENCIA,5,"12,6","0,0","7,7",01:50,"17,4",12:00,,,,
2020-11-22,8058X,OLIVA,VALENCIA,5,"12,6","0,0","7,4",05:50,"17,8",11:40,,,,
2020-11-23,8058X,OLIVA,VALENCIA,5,"11,8","0,0","6,7",07:30,"16,9",13:00,,,,
2020-11-24,8058X,OLIVA,VALENCIA,5,"11,4","0,0","5,8",05:40,"16,9",13:30,,,,
2020-11-25,8058X,OLIVA,VALENCIA,5,"11,3","0,0","5,3",07:00,"17,3",12:30,,,,
2020-11-26,8058X,OLIVA,VALENCIA,5,"14,6","0,1","9,7",03:40,"19,4",12:30,,,,
2020-11-27,8058X,OLIVA,VALENCIA,5,"15,7","28,1","12,4",23:59,"19,0",11:10,,,,
2020-11-28,8058X,OLIVA,VALENCIA,5,"12,8","21,2","10,6",20:20,"14,9",14:40,,,,
2020-11-29,8058X,OLIVA,VALENCIA,5,"14,4","0,0","9,8",22:00,"19,0",11:50,,,,
2020-11-30,8058X,OLIVA,VALENCIA,5,"12,8","0,0","7,6",05:30,"18,1",12:30,,,,
2020-12-01,8058X,OLIVA,VALENCIA,5,"12,8","0,0","7,5",07:20,"18,1",10:50,,,,
2020-12-02,8058X,OLIVA,VALENCIA,5,"11,0","0,0","6,3",21:00,"15,6",11:40,,,,
2020-12-03,8058X,OLIVA,VALENCIA,5,"10,0","0,0","4,4",07:20,"15,7",12:40,,,,
2020-12-04,8058X,OLIVA,VALENCIA,5,"12,6","0,8","8,7",23:59,"16,5",09:30,,,,
2020-12-05,8058X,OLIVA,VALENCIA,5,"10,1","0,0","7,0",07:30,"13,2",12:50,,,,
2020-12-06,8058X,OLIVA,VALENCIA,5,"11,6","0,0","8,3",03:10,"14,8",13:50,,,,
2020-12-07,8058X,OLIVA,VALENCIA,5,"13,7","0,0","9,7",01:40,"17,7",14:10,,,,
2020-12-08,8058X,OLIVA,VALENCIA,5,"13,2","0,0","9,7",04:20,"16,8",13:30,,,,
2020-12-09,8058X,OLIVA,VALENCIA,5,"12,6","0,1","9,1",07:00,"16,0",14:40,,,,
2020-12-10,8058X,OLIVA,VALENCIA,5,"14,7","2,2","10,6",04:30,"18,8",12:40,,,,
2020-12-11,8058X,OLIVA,VALENCIA,5,"19,0","0,0","14,8",00:30,"23,1",13:50,,,,
2020-12-12,8058X,OLIVA,VALENCIA,5,"17,4","0,0","14,0",23:20,"20,8",14:00,,,,
2020-12-13,8058X,OLIVA,VALENCIA,5,"16,4","0,0","10,5",23:30,"22,4",12:50,,,,
2020-12-14,8058X,OLIVA,VALENCIA,5,"12,2","0,0","8,7",05:00,"15,8",13:40,,,,
2020-12-15,8058X,OLIVA,VALENCIA,5,"14,6","0,0","7,8",23:50,"21,3",13:50,,,,
2020-12-16,8058X,OLIVA,VALENCIA,5,"10,9","0,0","5,8",07:30,"16,0",10:20,,,,
2020-12-17,8058X,OLIVA,VALENCIA,5,"12,6","0,0","8,5",22:50,"16,8",12:30,,,,
2020-12-18,8058X,OLIVA,VALENCIA,5,"11,6","0,0","6,8",07:20,"16,3",12:00,,,,
2020-12-19,8058X,OLIVA,VALENCIA,5,"10,8","0,3","5,1",06:10,"16,5",15:50,,,,
2020-12-20,8058X,OLIVA,VALENCIA,5,"13,0","0,1","7,2",23:00,"18,8",11:40,,,,
2020-12-21,8058X,OLIVA,VALENCIA,5,"11,4","0,0","5,6",06:40,"17,3",13:00,,,,
2020-12-22,8058X,OLIVA,VALENCIA,5,"11,6","0,0","6,7",05:50,"16,5",14:40,,,,
2020-12-23,8058X,OLIVA,VALENCIA,5,"12,2","0,0","6,3",06:10,"18,2",15:40,,,,
2020-12-24,8058X,OLIVA,VALENCIA,5,"13,9","0,3","9,8",07:30,"18,0",10:40,,,,
2020-12-25,8058X,OLIVA,VALENCIA,5,"9,0","0,0","3,7",23:59,"14,2",14:00,,,,
2020-12-26,8058X,OLIVA,VALENCIA,5,"9,0","0,0","3,7",19:30,"14,3",14:10,,,,
2020-12-27,8058X,OLIVA,VALENCIA,5,"10,2","0,0","2,0",05:50,"18,4",13:20,,,,
2020-12-28,8058X,OLIVA,VALENCIA,5,"13,6","0,2","10,3",21:30,"16,8",13:40,,,,
2020-12-29,8058X,OLIVA,VALENCIA,5,"11,5","0,0","8,4",23:59,"14,6",13:40,,,,
2020-12-30,8058X,OLIVA,VALENCIA,5,"11,0","0,0","7,3",07:00,"14,7",13:00,,,,
2020-12-31,8058X,OLIVA,VALENCIA,5,"11,0","0,0","5,2",05:20,"16,7",14:30,,,,
2021-01-01,8058X,OLIVA,VALENCIA,5,"10,8","0,0","6,8",21:10,"14,9",14:10,,,,
2021-01-02,8058X,OLIVA,VALENCIA,5,"8,6","0,0","5,5",23:59,"11,8",13:40,,,,
2021-01-03,8058X,OLIVA,VALENCIA,5,"8,4","0,0","3,5",05:40,"13,4",14:30,,,,
2021-01-04,8058X,OLIVA,VALENCIA,5,"10,0","0,0","5,7",23:59,"14,2",13:10,,,,
2021-01-05,8058X,OLIVA,VALENCIA,5,"6,7","0,0","0,9",23:50,"12,5",14:00,,,,
2021-01-06,8058X,OLIVA,VALENCIA,5,"5,4","7,5","-0,6",05:30,"11,5",14:10,,,,
2021-01-07,8058X,OLIVA,VALENCIA,5,"7,6","48,5","5,6",19:00,"9,5",11:30,,,,
2021-01-08,8058X,OLIVA,VALENCIA,5,"7,6","28,9","5,2",05:50,"9,9",09:40,,,,
2021-01-09,8058X,OLIVA,VALENCIA,5,"6,7","3,8","4,0",23:40,"9,4",02:40,,,,
2021-01-10,8058X,OLIVA,VALENCIA,5,"5,7","10,1","2,9",05:30,"8,5",12:40,,,,
2021-01-11,8058X,OLIVA,VALENCIA,5,"7,0","0,0","3,3",21:00,"10,6",12:00,,,,
2021-01-12,8058X,OLIVA,VALENCIA,5,"8,4","0,0","2,8",05:50,"14,0",13:20,,,,
2021-01-13,8058X,OLIVA,VALENCIA,5,"7,8","0,0","0,9",07:10,"14,6",12:00,,,,
2021-01-14,8058X,OLIVA,VALENCIA,5,"7,8","0,0","0,7",05:00,"15,0",11:20,,,,
2021-01-15,8058X,OLIVA,VALENCIA,5,"12,0","0,0","6,9",20:20,"17,0",12:30,,,,
2021-01-16,8058X,OLIVA,VALENCIA,5,"10,2","0,0","4,7",21:40,"15,7",13:00,,,,
2021-01-17,8058X,OLIVA,VALENCIA,5,"12,2","0,0","5,2",00:10,"19,2",15:50,,,,
2021-01-18,8058X,OLIVA,VALENCIA,5,"10,4","0,0","5,7",23:00,"15,0",12:30,,,,
2021-01-19,8058X,OLIVA,VALENCIA,5,"8,4","0,0","2,6",06:40,"14,2",13:50,,,,
2021-01-20,8058X,OLIVA,VALENCIA,5,"8,0","0,6","2,0",06:40,"13,9",14:20,,,,
2021-01-21,8058X,OLIVA,VALENCIA,5,"14,8","0,0","9,0",00:40,"20,5",12:50,,,,
2021-01-22,8058X,OLIVA,VALENCIA,5,"16,2","0,0","11,9",20:20,"20,4",08:40,,,,
2021-01-23,8058X,OLIVA,VALENCIA,5,"14,4","0,0","9,5",06:30,"19,2",23:00,,,,
2021-01-24,8058X,OLIVA,VALENCIA,5,"17,5","0,0","15,0",23:59,"20,0",13:00,,,,
2021-01-25,8058X,OLIVA,VALENCIA,5,"17,4","0,0","14,0",23:59,"20,9",15:10,,,,
2021-01-26,8058X,OLIVA,VALENCIA,5,"13,4","0,0","8,7",07:30,"18,1",21:00,,,,
2021-01-27,8058X,OLIVA,VALENCIA,5,"20,4","0,0","15,3",04:20,"25,5",14:50,,,,
2021-01-28,8058X,OLIVA,VALENCIA,5,"21,8","0,0","15,4",07:30,"28,1",15:00,,,,
2021-01-29,8058X,OLIVA,VALENCIA,5,,"0,0",,,,,,,,
2021-01-30,8058X,OLIVA,VALENCIA,5,,"0,0",,,,,,,,
2021-01-31,8058X,OLIVA,VALENCIA,5,"16,4","0,0","12,8",07:30,"20,1",13:30,,,,
2021-02-01,8058X,OLIVA,VALENCIA,5,"19,6","0,0","16,0",23:59,"23,1",13:20,,,,
2021-02-02,8058X,OLIVA,VALENCIA,5,"18,4","0,0","13,1",22:30,"23,6",14:40,,,,
2021-02-03,8058X,OLIVA,VALENCIA,5,"16,6","0,0","12,1",23:59,"21,0",11:40,,,,
2021-02-04,8058X,OLIVA,VALENCIA,5,"12,2","0,0","7,9",07:40,"16,6",10:40,,,,
2021-02-05,8058X,OLIVA,VALENCIA,5,"13,7","0,0","12,1",Varias,"15,3",12:20,,,,
2021-02-06,8058X,OLIVA,VALENCIA,5,"13,0","0,0","9,0",07:30,"17,0",12:20,,,,
2021-02-07,8058X,OLIVA,VALENCIA,5,"14,7","0,0","10,6",07:50,"18,8",12:50,,,,
2021-02-08,8058X,OLIVA,VALENCIA,5,"15,2","0,0","11,1",07:00,"19,3",13:30,,,,
2021-02-09,8058X,OLIVA,VALENCIA,5,"14,4","0,0","12,2",03:00,"16,5",13:30,,,,
2021-02-10,8058X,OLIVA,VALENCIA,5,"16,5","0,0","12,3",21:10,"20,7",13:40,,,,
2021-02-11,8058X,OLIVA,VALENCIA,5,"17,7","0,0","11,3",07:00,"24,1",14:00,,,,
2021-02-12,8058X,OLIVA,VALENCIA,5,"18,8","0,0","14,7",04:00,"22,8",13:40,,,,
2021-02-13,8058X,OLIVA,VALENCIA,5,"15,9","0,0","10,3",23:59,"21,5",12:30,,,,
2021-02-14,8058X,OLIVA,VALENCIA,5,"12,2","0,0","7,9",05:20,"16,5",14:00,,,,
2021-02-15,8058X,OLIVA,VALENCIA,5,"12,0","0,0","7,8",23:50,"16,2",13:40,,,,
2021-02-16,8058X,OLIVA,VALENCIA,5,"9,9","0,0","3,9",06:00,"15,9",16:50,,,,
2021-02-17,8058X,OLIVA,VALENCIA,5,,"0,0",,,,,,,,
2021-02-18,8058X,OLIVA,VALENCIA,5,"12,4","0,0","10,6",Varias,"14,1",13:30,,,,
2021-02-19,8058X,OLIVA,VALENCIA,5,"12,2","0,0","8,1",07:40,"16,2",16:10,,,,
2021-02-20,8058X,OLIVA,VALENCIA,5,"12,0","0,0","8,9",00:20,"15,0",11:30,,,,
2021-02-21,8058X,OLIVA,VALENCIA,5,"13,8","0,0","12,0",23:40,"15,6",12:20,,,,
2021-02-22,8058X,OLIVA,VALENCIA,5,"14,8","0,0","10,6",07:00,"19,0",13:20,,,,
2021-02-23,8058X,OLIVA,VALENCIA,5,"12,2","0,0","8,9",21:40,"15,5",14:40,,,,
2021-02-24,8058X,OLIVA,VALENCIA,5,"12,0","0,0","7,9",23:30,"16,1",15:00,,,,
2021-02-25,8058X,OLIVA,VALENCIA,5,"11,6","0,0","7,3",00:50,"15,9",12:10,,,,
2021-02-26,8058X,OLIVA,VALENCIA,5,"12,6","0,0","9,6",21:50,"15,7",11:50,,,,
2021-02-27,8058X,OLIVA,VALENCIA,5,"11,7","0,0","7,8",22:20,"15,6",10:50,,,,
2021-02-28,8058X,OLIVA,VALENCIA,5,"12,2","0,0","8,3",03:50,"16,1",14:20,,,,
2021-03-01,8058X,OLIVA,VALENCIA,5,"14,2","0,0","13,4",00:50,"15,1",14:00,,,,
2021-03-02,8058X,OLIVA,VALENCIA,5,"14,0","0,0","13,4",Varias,"14,7",11:20,,,,
2021-03-03,8058X,OLIVA,VALENCIA,5,"14,3","0,0","13,1",21:00,"15,5",14:10,,,,
2021-03-04,8058X,OLIVA,VALENCIA,5,"12,0","0,0","8,0",23:30,"16,0",13:10,,,,
2021-03-05,8058X,OLIVA,VALENCIA,5,"11,3","0,0","8,0",00:20,"14,6",12:00,,,,
2021-03-06,8058X,OLIVA,VALENCIA,5,"13,2","2,3","9,9",03:00,"16,4",11:30,,,,
2021-03-07,8058X,OLIVA,VALENCIA,5,"12,0","39,6","10,6",20:00,"13,4",01:50,,,,
2021-03-08,8058X,OLIVA,VALENCIA,5,"11,8","2,3","9,9",06:00,"13,8",12:20,,,,
2021-03-09,8058X,OLIVA,VALENCIA,5,"12,6","0,0","9,5",22:00,"15,6",12:20,,,,
2021-03-10,8058X,OLIVA,VALENCIA,5,"11,6","0,0","7,8",23:59,"15,5",13:20,,,,
2021-03-11,8058X,OLIVA,VALENCIA,5,"15,4","0,0","5,5",05:10,"25,2",15:40,,,,
2021-03-12,8058X,OLIVA,VALENCIA,5,"17,6","0,0","11,7",23:59,"23,6",13:30,,,,
2021-03-13,8058X,OLIVA,VALENCIA,5,"13,7","0,0","7,8",06:40,"19,6",14:00,,,,
2021-03-14,8058X,OLIVA,VALENCIA,5,"14,2","0,0","8,1",04:50,"20,2",11:00,,,,
2021-03-15,8058X,OLIVA,VALENCIA,5,"11,2","0,0","6,9",06:00,"15,6",12:50,,,,
2021-03-16,8058X,OLIVA,VALENCIA,5,"11,3","0,0","6,2",05:40,"16,4",12:40,,,,
2021-03-17,8058X,OLIVA,VALENCIA,5,"12,3","8,8","5,2",06:30,"19,4",17:00,,,,
2021-03-18,8058X,OLIVA,VALENCIA,5,"10,4","19,1","6,2",14:50,"14,7",00:10,,,,
2021-03-19,8058X,OLIVA,VALENCIA,5,"9,8","3,4","6,7",03:00,"12,8",14:00,,,,
2021-03-20,8058X,OLIVA,VALENCIA,5,"9,7","0,0","7,1",02:10,"12,3",14:50,,,,
2021-03-21,8058X,OLIVA,VALENCIA,5,"11,2","0,0","6,2",05:40,"16,2",14:40,,,,
2021-03-22,8058X,OLIVA,VALENCIA,5,"11,0","0,0","5,0",06:30,"16,9",17:30,,,,
2021-03-23,8058X,OLIVA,VALENCIA,5,"11,8","0,0","5,4",06:00,"18,1",16:30,,,,
2021-03-24,8058X,OLIVA,VALENCIA,5,"12,2","0,0","7,5",03:50,"16,9",11:20,,,,
2021-03-25,8058X,OLIVA,VALENCIA,5,"13,0","0,1","8,5",06:30,"17,5",16:00,,,,
2021-03-26,8058X,OLIVA,VALENCIA,5,"15,4","0,0","11,4",06:50,"19,3",16:00,,,,
2021-03-27,8058X,OLIVA,VALENCIA,5,"14,4","0,0","12,6",06:00,"16,3",09:20,,,,
2021-03-28,8058X,OLIVA,VALENCIA,5,"13,8","0,0","10,6",23:50,"16,9",12:20,,,,
2021-03-29,8058X,OLIVA,VALENCIA,5,"14,0","0,0","10,6",00:20,"17,5",12:30,,,,
2021-03-30,8058X,OLIVA,VALENCIA,5,"14,2","0,0","11,2",22:00,"17,2",11:50,,,,
2021-03-31,8058X,OLIVA,VALENCIA,5,"13,0","0,0","9,0",23:50,"16,9",14:40,,,,
2021-04-01,8058X,OLIVA,VALENCIA,5,"12,7","0,0","8,2",05:40,"17,2",13:30,,,,
2021-04-02,8058X,OLIVA,VALENCIA,5,"14,6","0,0","8,8",05:00,"20,3",14:30,,,,
2021-04-03,8058X,OLIVA,VALENCIA,5,"14,9","0,0","10,3",05:50,"19,5",11:40,,,,
2021-04-04,8058X,OLIVA,VALENCIA,5,"12,9","0,0","9,0",23:59,"16,8",10:00,,,,
2021-04-05,8058X,OLIVA,VALENCIA,5,"13,6","0,0","7,0",05:30,"20,1",16:30,,,,
2021-04-06,8058X,OLIVA,VALENCIA,5,"16,0","0,0","9,8",06:00,"22,2",08:40,,,,
2021-04-07,8058X,OLIVA,VALENCIA,5,"13,1","5,7","10,6",Varias,"15,6",,,,,
2021-04-08,8058X,OLIVA,VALENCIA,5,"12,0","2,1","9,0",23:59,"14,9",14:20,,,,
2021-04-09,8058X,OLIVA,VALENCIA,5,"12,0","1,4","9,0",00:50,"14,9",14:00,,,,
2021-04-10,8058X,OLIVA,VALENCIA,5,"13,0","7,9","11,7",23:59,"14,2",14:30,,,,
2021-04-11,8058X,OLIVA,VALENCIA,5,"15,6","2,0","9,8",05:40,"21,3",13:30,,,,
2021-04-12,8058X,OLIVA,VALENCIA,5,"13,4","0,0","10,6",22:40,"16,3",10:50,,,,
2021-04-13,8058X,OLIVA,VALENCIA,5,"13,4","0,0","9,9",02:50,"16,8",12:20,,,,
2021-04-14,8058X,OLIVA,VALENCIA,5,"13,0","0,0","10,1",04:00,"15,9",16:00,,,,
2021-04-15,8058X,OLIVA,VALENCIA,5,,"5,3",,,,,,,,
2021-04-16,8058X,OLIVA,VALENCIA,5,,"4,4",,,,,,,,
2021-04-17,8058X,OLIVA,VALENCIA,5,"10,9","0,0","6,9",04:00,"14,9",11:30,,,,
2021-04-18,8058X,OLIVA,VALENCIA,5,"12,0","0,0","8,0",00:40,"16,1",18:20,,,,
2021-04-19,8058X,OLIVA,VALENCIA,5,"15,0","0,0","6,9",04:00,"23,0",13:10,,,,
2021-04-20,8058X,OLIVA,VALENCIA,5,"15,5","8,2","12,9",03:00,"18,1",13:40,,,,
2021-04-21,8058X,OLIVA,VALENCIA,5,"15,0","24,7","13,7",05:00,"16,4",13:30,,,,
2021-04-22,8058X,OLIVA,VALENCIA,5,"14,8","4,7","12,9",05:00,"16,8",13:10,,,,
2021-04-23,8058X,OLIVA,VALENCIA,5,"15,2","0,0","12,6",23:50,"17,8",11:30,,,,
2021-04-24,8058X,OLIVA,VALENCIA,5,"15,2","0,0","12,7",00:10,"17,7",10:10,,,,
2021-04-25,8058X,OLIVA,VALENCIA,5,"16,0","19,1","14,0",04:10,"18,0",11:00,,,,
2021-04-26,8058X,OLIVA,VALENCIA,5,"16,0","1,2","14,1",04:50,"17,8",15:50,,,,
2021-04-27,8058X,OLIVA,VALENCIA,5,"17,1","0,2","13,8",05:00,"20,4",15:30,,,,
2021-04-28,8058X,OLIVA,VALENCIA,5,"16,8","3,4","13,0",05:30,"20,7",15:40,,,,
2021-04-29,8058X,OLIVA,VALENCIA,5,"18,4","0,1","13,1",05:30,"23,6",16:20,,,,
2021-04-30,8058X,OLIVA,VALENCIA,5,"17,4","0,0","14,4",06:00,"20,5",10:20,,,,
2021-05-01,8058X,OLIVA,VALENCIA,5,"19,3","0,0","14,1",03:30,"24,5",13:00,,,,
2021-05-02,8058X,OLIVA,VALENCIA,5,"16,3","0,0","14,7",04:00,"17,9",15:50,,,,
2021-05-03,8058X,OLIVA,VALENCIA,5,"16,8","0,6","14,6",23:59,"19,1",12:40,,,,
2021-05-18,8058X,OLIVA,VALENCIA,5,,"0,0",,,,,,,,
2021-05-19,8058X,OLIVA,VALENCIA,5,"18,8","0,0","15,6",23:59,"22,1",11:40,,,,
2021-05-20,8058X,OLIVA,VALENCIA,5,"19,0","0,0","13,4",04:40,"24,5",16:20,,,,
2021-05-21,8058X,OLIVA,VALENCIA,5,"20,6","0,0","15,6",05:50,"25,6",16:00,,,,
2021-05-22,8058X,OLIVA,VALENCIA,5,"19,0","0,7","16,3",02:20,"21,8",10:10,,,,
2021-05-23,8058X,OLIVA,VALENCIA,5,"16,1","42,3","14,0",23:59,"18,2",00:50,,,,
2021-05-24,8058X,OLIVA,VALENCIA,5,,"0,1",,,,,,,,
2021-05-25,8058X,OLIVA,VALENCIA,5,"17,6","0,0","14,4",03:00,"20,8",08:20,,,,
2021-05-26,8058X,OLIVA,VALENCIA,5,"18,0","0,0","15,4",05:20,"20,7",10:10,,,,
2021-05-27,8058X,OLIVA,VALENCIA,5,"17,8","0,6","13,9",05:00,"21,8",13:00,,,,
2021-05-28,8058X,OLIVA,VALENCIA,5,"19,0","0,2","15,8",23:59,"22,3",14:10,,,,
2021-05-29,8058X,OLIVA,VALENCIA,5,"19,1","0,0","13,3",04:00,"24,9",18:00,,,,
2021-05-30,8058X,OLIVA,VALENCIA,5,"21,0","0,0","16,2",03:50,"25,8",14:00,,,,
2021-05-31,8058X,OLIVA,VALENCIA,5,"19,5","0,0","16,5",04:20,"22,5",08:00,,,,
2021-06-01,8058X,OLIVA,VALENCIA,5,"19,3","8,1","16,9",05:40,"21,7",08:20,,,,
2021-06-02,8058X,OLIVA,VALENCIA,5,"20,7","0,0","18,1",00:10,"23,3",14:20,,,,
2021-06-03,8058X,OLIVA,VALENCIA,5,,"0,0",,,,,,,,
2021-06-04,8058X,OLIVA,VALENCIA,5,"21,3","0,0","19,2",05:00,"23,4",14:50,,,,
2021-06-05,8058X,OLIVA,VALENCIA,5,"19,8","2,0","17,9",23:59,"21,8",11:50,,,,
2021-06-06,8058X,OLIVA,VALENCIA,5,"20,0","0,1","16,8",04:00,"23,1",10:40,,,,
2021-06-07,8058X,OLIVA,VALENCIA,5,"22,8","0,0","16,5",05:00,"29,1",15:20,,,,
2021-06-08,8058X,OLIVA,VALENCIA,5,,"2,9",,,,,,,,
2021-06-09,8058X,OLIVA,VALENCIA,5,"21,6","0,0","17,9",05:00,"25,2",18:10,,,,
2021-06-10,8058X,OLIVA,VALENCIA,5,"22,7","0,0","19,1",04:30,"26,3",18:10,,,,
2021-06-11,8058X,OLIVA,VALENCIA,5,"22,0","0,0","17,9",04:00,"26,1",13:30,,,,
2021-06-12,8058X,OLIVA,VALENCIA,5,"22,6","0,0","18,6",05:00,"26,6",10:00,,,,
2021-06-13,8058X,OLIVA,VALENCIA,5,"22,7","0,0","18,4",04:00,"27,0",10:30,,,,
2021-06-14,8058X,OLIVA,VALENCIA,5,"22,4","0,0","16,9",04:50,"27,8",15:30,,,,
2021-06-15,8058X,OLIVA,VALENCIA,5,"24,4","0,0","19,0",04:30,"29,8",12:50,,,,
2021-06-16,8058X,OLIVA,VALENCIA,5,"23,8","0,0","20,0",03:40,"27,5",15:00,,,,
2021-06-17,8058X,OLIVA,VALENCIA,5,,"0,0",,,,,,,,
2021-06-18,8058X,OLIVA,VALENCIA,5,,"0,0",,,,,,,,
2021-06-19,8058X,OLIVA,VALENCIA,5,"23,2","0,7","20,7",03:30,"25,8",11:20,,,,
2021-06-20,8058X,OLIVA,VALENCIA,5,"25,5","0,0","19,6",05:40,"31,4",12:30,,,,
2021-06-21,8058X,OLIVA,VALENCIA,5,"25,2","0,0","19,7",03:20,"30,6",15:30,,,,
2021-06-22,8058X,OLIVA,VALENCIA,5,"23,6","0,0","20,4",04:40,"26,8",09:40,,,,
2021-06-23,8058X,OLIVA,VALENCIA,5,"21,6","0,0","18,9",04:40,"24,2",11:50,,,,
2021-06-24,8058X,OLIVA,VALENCIA,5,"21,0","0,0","16,9",04:50,"25,2",12:10,,,,
2021-06-25,8058X,OLIVA,VALENCIA,5,"21,6","0,0","16,9",02:30,"26,2",13:40,,,,
2021-06-26,8058X,OLIVA,VALENCIA,5,"25,0","0,0","17,9",04:20,"32,2",16:50,,,,
2021-06-27,8058X,OLIVA,VALENCIA,5,,"0,0",,,,,,,,
2021-06-28,8058X,OLIVA,VALENCIA,5,,"0,0",,,,,,,,
2021-06-29,8058X,OLIVA,VALENCIA,5,"23,3",,"19,8",05:00,"26,8",11:50,,,,
2021-07-01,8058X,OLIVA,VALENCIA,5,"25,6","0,0","19,4",04:50,"31,8",17:50,,,,
2021-07-02,8058X,OLIVA,VALENCIA,5,"25,1","0,0","19,8",04:30,"30,4",16:00,,,,
2021-07-03,8058X,OLIVA,VALENCIA,5,"25,6","0,0","20,0",05:00,"31,1",14:40,,,,
2021-07-04,8058X,OLIVA,VALENCIA,5,"27,9","0,0","20,9",05:00,"34,9",17:20,,,,
2021-07-05,8058X,OLIVA,VALENCIA,5,"26,6","0,0","22,5",05:20,"30,7",17:30,,,,
2021-07-06,8058X,OLIVA,VALENCIA,5,"28,2","0,0","21,7",04:00,"34,6",09:20,,,,
2021-07-07,8058X,OLIVA,VALENCIA,5,,"0,0",,,,,,,,
2021-07-08,8058X,OLIVA,VALENCIA,5,,"0,0",,,,,,,,
2021-07-09,8058X,OLIVA,VALENCIA,5,,"0,0",,,,,,,,
2021-07-10,8058X,OLIVA,VALENCIA,5,,"0,0",,,,,,,,
2021-07-11,8058X,OLIVA,VALENCIA,5,,"0,0",,,,,,,,
2021-07-12,8058X,OLIVA,VALENCIA,5,,"0,0",,,,,,,,
2021-07-13,8058X,OLIVA,VALENCIA,5,,"0,0",,,,,,,,
2021-07-14,8058X,OLIVA,VALENCIA,5,,"0,0",,,,,,,,
2021-07-15,8058X,OLIVA,VALENCIA,5,,"0,0",,,,,,,,
2021-07-16,8058X,OLIVA,VALENCIA,5,,"0,0",,,,,,,,
2021-07-17,8058X,OLIVA,VALENCIA,5,"25,8","0,0","21,4",05:00,"30,1",17:10,,,,
2021-07-18,8058X,OLIVA,VALENCIA,5,"27,1","0,0","21,0",05:20,"33,2",14:00,,,,
2021-07-19,8058X,OLIVA,VALENCIA,5,"27,0","0,0","22,5",02:50,"31,6",18:00,,,,
2021-07-20,8058X,OLIVA,VALENCIA,5,,"0,0",,,,,,,,
2021-07-21,8058X,OLIVA,VALENCIA,5,"26,3","0,0","22,7",03:20,"29,9",17:30,,,,
2021-07-22,8058X,OLIVA,VALENCIA,5,"26,6","0,0","21,3",04:10,"31,8",18:00,,,,
2021-07-23,8058X,OLIVA,VALENCIA,5,"28,4","0,0","19,1",04:40,"37,6",17:00,,,,
2021-07-24,8058X,OLIVA,VALENCIA,5,"26,2","0,0","23,0",05:30,"29,4",13:30,,,,
2021-07-25,8058X,OLIVA,VALENCIA,5,"27,2","0,0","24,9",05:00,"29,5",14:00,,,,
2021-07-26,8058X,OLIVA,VALENCIA,5,"23,4","3,0","20,5",09:20,"26,4",00:30,,,,
2021-07-27,8058X,OLIVA,VALENCIA,5,"24,4","0,0","19,3",05:00,"29,6",17:00,,,,
2021-07-28,8058X,OLIVA,VALENCIA,5,"24,8","0,0","20,9",05:30,"28,6",15:30,,,,
2021-07-29,8058X,OLIVA,VALENCIA,5,,"0,0",,,,,,,,
2021-07-30,8058X,OLIVA,VALENCIA,5,,"0,0",,,,,,,,
2021-07-31,8058X,OLIVA,VALENCIA,5,"28,0","0,3","23,4",22:20,"32,5",14:50,,,,
2021-08-01,8058X,OLIVA,VALENCIA,5,"24,0","0,0","19,2",05:20,"28,8",15:40,,,,
2021-08-02,8058X,OLIVA,VALENCIA,5,"24,2",,"20,4",05:10,"28,1",11:20,,,,
2021-08-03,8058X,OLIVA,VALENCIA,5,"26,8","0,0","23,3",06:50,"30,3",17:10,,,,
2021-08-04,8058X,OLIVA,VALENCIA,5,"25,8","0,0","19,6",04:20,"32,1",13:10,,,,
2021-08-05,8058X,OLIVA,VALENCIA,5,"27,4","0,0","22,4",03:00,"32,4",17:10,,,,
2021-08-06,8058X,OLIVA,VALENCIA,5,"25,6",,"21,8",04:40,"29,4",12:40,,,,
2021-08-07,8058X,OLIVA,VALENCIA,5,"29,7",,"24,5",01:00,"34,9",16:55,,,,
2021-08-08,8058X,OLIVA,VALENCIA,5,"26,7","0,6","24,4",03:00,"29,0",13:20,,,,
2021-08-09,8058X,OLIVA,VALENCIA,5,"25,4","0,0","21,7",23:50,"29,0",12:10,,,,
2021-08-10,8058X,OLIVA,VALENCIA,5,"23,8","0,1","21,0",04:50,"26,6",08:50,,,,
2021-08-11,8058X,OLIVA,VALENCIA,5,"25,6","0,0","22,4",05:40,"28,9",12:50,,,,
2021-08-12,8058X,OLIVA,VALENCIA,5,"26,8","0,0","23,1",03:50,"30,5",13:20,,,,
2021-08-13,8058X,OLIVA,VALENCIA,5,"25,4","0,0","21,2",05:50,"29,7",12:40,,,,
2021-08-14,8058X,OLIVA,VALENCIA,5,"26,7",,"24,0",05:30,"29,4",12:40,,,,
2021-08-15,8058X,OLIVA,VALENCIA,5,"35,6",,"27,5",22:00,"43,7",17:05,,,,
2021-08-16,8058X,OLIVA,VALENCIA,5,"26,6","0,0","24,2",05:50,"29,1",14:50,,,,
2021-08-17,8058X,OLIVA,VALENCIA,5,"25,6",,"23,2",22:10,"28,0",17:00,,,,
2021-08-18,8058X,OLIVA,VALENCIA,5,"27,0","0,0","22,9",06:30,"31,1",14:10,,,,
2021-08-19,8058X,OLIVA,VALENCIA,5,"26,0",,"21,6",04:30,"30,5",Varias,,,,
2021-08-20,8058X,OLIVA,VALENCIA,5,"25,8","0,0","21,5",06:10,"30,2",14:30,,,,
2021-08-21,8058X,OLIVA,VALENCIA,5,"25,1","0,0","21,1",05:00,"29,1",12:50,,,,
2021-08-22,8058X,OLIVA,VALENCIA,5,"26,0","0,0","22,6",05:50,"29,4",14:20,,,,
2021-08-23,8058X,OLIVA,VALENCIA,5,"26,2","0,0","22,7",05:00,"29,6",14:20,,,,
2021-08-24,8058X,OLIVA,VALENCIA,5,"25,1","0,1","20,9",23:59,"29,3",12:40,,,,
2021-08-25,8058X,OLIVA,VALENCIA,5,"24,8","0,0","20,9",01:20,"28,7",13:50,,,,
2021-08-26,8058X,OLIVA,VALENCIA,5,"28,0",,"21,8",05:40,"34,1",16:30,,,,
2021-08-27,8058X,OLIVA,VALENCIA,5,"28,0",,"20,8",05:50,"35,2",15:00,,,,
2021-08-28,8058X,OLIVA,VALENCIA,5,"26,1","0,0","22,5",06:00,"29,7",13:50,,,,
2021-08-29,8058X,OLIVA,VALENCIA,5,"26,1","0,0","22,2",05:30,"30,0",14:20,,,,
2021-08-30,8058X,OLIVA,VALENCIA,5,"25,6","0,0","22,6",04:20,"28,6",11:10,,,,
2021-08-31,8058X,OLIVA,VALENCIA,5,"25,2","0,0","21,6",04:00,"28,8",12:00,,,,
2021-09-01,8058X,OLIVA,VALENCIA,5,"24,1",,"19,5",23:10,"28,7",14:10,,,,
2021-09-04,8058X,OLIVA,VALENCIA,5,,"0,0",,,,,,,,
2021-09-07,8058X,OLIVA,VALENCIA,5,"25,6","0,0","21,7",06:00,"29,4",12:50,,,,
2021-09-08,8058X,OLIVA,VALENCIA,5,"25,3",,"21,3",03:50,"29,3",16:50,,,,
2021-09-09,8058X,OLIVA,VALENCIA,5,,"0,0",,,,,,,,
2021-09-10,8058X,OLIVA,VALENCIA,5,"26,4","0,0","21,7",03:30,"31,1",16:20,,,,
2021-09-11,8058X,OLIVA,VALENCIA,5,"26,8","0,0","22,8",06:00,"30,9",17:00,,,,
2021-09-12,8058X,OLIVA,VALENCIA,5,"26,3",,"20,2",06:00,"32,4",15:00,,,,
2021-09-13,8058X,OLIVA,VALENCIA,5,,"0,0",,,,,,,,
2021-09-14,8058X,OLIVA,VALENCIA,5,"26,2","0,2","23,1",04:00,"29,2",14:10,,,,
2021-09-15,8058X,OLIVA,VALENCIA,5,"25,3",,"21,7",05:30,"28,9",14:10,,,,
2021-09-17,8058X,OLIVA,VALENCIA,5,,"0,0",,,,,,,,
2021-09-18,8058X,OLIVA,VALENCIA,5,"25,3","0,0","19,6",06:00,"31,0",17:00,,,,
2021-09-19,8058X,OLIVA,VALENCIA,5,,"0,0",,,,,,,,
2021-09-20,8058X,OLIVA,VALENCIA,5,"22,0","14,6","17,5",03:30,"26,5",14:20,,,,
2021-09-21,8058X,OLIVA,VALENCIA,5,"19,0","121,8","16,1",06:00,"22,0",02:00,,,,
2021-09-22,8058X,OLIVA,VALENCIA,5,,"5,8",,,,,,,,
2021-09-24,8058X,OLIVA,VALENCIA,5,,"4,9",,,,,,,,
2021-09-25,8058X,OLIVA,VALENCIA,5,"23,4","0,2","20,5",23:59,"26,4",14:20,,,,
2021-09-26,8058X,OLIVA,VALENCIA,5,"24,4","0,1","18,8",05:30,"30,0",13:00,,,,
2021-09-28,8058X,OLIVA,VALENCIA,5,,"0,0",,,,,,,,
2021-10-16,8058X,OLIVA,VALENCIA,5,"20,0","0,0","15,4",05:00,"24,5",11:10,,,,
2021-10-17,8058X,OLIVA,VALENCIA,5,"19,1","0,0","16,3",23:59,"21,9",13:00,,,,
2021-10-18,8058X,OLIVA,VALENCIA,5,"19,0","0,0","14,7",05:30,"23,4",14:10,,,,
2021-10-19,8058X,OLIVA,VALENCIA,5,,"0,0",,,,,,,,
2022-02-13,8058X,OLIVA,VALENCIA,5,"11,8","0,0","5,5",07:00,"18,2",16:30,,,,
2022-02-14,8058X,OLIVA,VALENCIA,5,"15,1","0,0","10,7",06:30,"19,5",14:00,,,,
2022-02-15,8058X,OLIVA,VALENCIA,5,"14,3","0,0","9,1",06:10,"19,5",15:00,,,,
2022-02-16,8058X,OLIVA,VALENCIA,5,"16,6","0,0","9,8",06:10,"23,3",14:20,,,,
2022-02-17,8058X,OLIVA,VALENCIA,5,,"0,0",,,,,,,,
2022-02-18,8058X,OLIVA,VALENCIA,5,"12,8","0,0","6,1",06:10,"19,5",16:00,,,,
2022-02-19,8058X,OLIVA,VALENCIA,5,"12,8","0,7","9,9",00:10,"15,6",09:30,,,,
2022-02-20,8058X,OLIVA,VALENCIA,5,"11,2","0,1","7,1",22:00,"15,3",12:50,,,,
2022-02-21,8058X,OLIVA,VALENCIA,5,"13,4","0,0","6,1",03:10,"20,7",11:00,,,,
2022-02-22,8058X,OLIVA,VALENCIA,5,"11,6","0,0","6,0",05:50,"17,3",09:00,,,,
2022-02-23,8058X,OLIVA,VALENCIA,5,"11,0","0,0","3,8",05:50,"18,2",15:30,,,,
2022-02-24,8058X,OLIVA,VALENCIA,5,"10,4","0,3","4,9",06:00,"15,8",09:50,,,,
2022-02-25,8058X,OLIVA,VALENCIA,5,"12,2","0,9","9,9",23:59,"14,5",14:40,,,,
2022-02-26,8058X,OLIVA,VALENCIA,5,"11,4","0,4","8,1",02:30,"14,8",14:40,,,,
2022-02-27,8058X,OLIVA,VALENCIA,5,"10,2","0,0","6,3",22:20,"14,1",11:40,,,,
2022-02-28,8058X,OLIVA,VALENCIA,5,"11,6","0,0","7,2",00:10,"16,1",11:30,,,,
2022-03-01,8058X,OLIVA,VALENCIA,5,"11,4","0,0","4,5",05:10,"18,3",15:40,,,,
2022-03-02,8058X,OLIVA,VALENCIA,5,,"0,0",,,,,,,,
2022-03-03,8058X,OLIVA,VALENCIA,5,"13,0","3,9","7,0",07:00,"18,9",15:00,,,,
2022-03-04,8058X,OLIVA,VALENCIA,5,"12,3","8,4","9,4",21:50,"15,2",15:00,,,,
2022-03-05,8058X,OLIVA,VALENCIA,5,"12,2","1,1","9,6",06:20,"14,9",11:50,,,,
2022-03-06,8058X,OLIVA,VALENCIA,5,"11,0","53,8","9,7",00:30,"12,4",01:40,,,,
2022-03-07,8058X,OLIVA,VALENCIA,5,"10,0","27,9","8,8",22:20,"11,3",16:50,,,,
2022-03-08,8058X,OLIVA,VALENCIA,5,"11,5","0,2","8,3",06:40,"14,7",16:30,,,,
2022-03-09,8058X,OLIVA,VALENCIA,5,"10,4","0,0","4,7",06:20,"16,1",17:00,,,,
2022-03-10,8058X,OLIVA,VALENCIA,5,"10,8","0,0","6,1",05:50,"15,6",13:50,,,,
2022-03-11,8058X,OLIVA,VALENCIA,5,"11,6","7,2","8,0",02:20,"15,2",13:30,,,,
2022-03-12,8058X,OLIVA,VALENCIA,5,"16,0","0,0","10,6",04:40,"21,5",14:30,,,,
2022-03-13,8058X,OLIVA,VALENCIA,5,"14,8","0,8","9,0",04:40,"20,6",13:00,,,,
2022-03-14,8058X,OLIVA,VALENCIA,5,"15,5","0,0","13,7",02:00,"17,3",12:20,,,,
2022-03-15,8058X,OLIVA,VALENCIA,5,"14,8","0,0","14,4",02:30,"15,3",13:00,,,,
2022-03-16,8058X,OLIVA,VALENCIA,5,,"10,8",,,,,,,,
2022-03-17,8058X,OLIVA,VALENCIA,5,,"9,1",,,,,,,,
2022-03-18,8058X,OLIVA,VALENCIA,5,"13,7","2,1","12,4",00:40,"15,0",12:40,,,,
2022-03-19,8058X,OLIVA,VALENCIA,5,"13,6","3,0","12,5",06:30,"14,8",13:50,,,,
2022-03-20,8058X,OLIVA,VALENCIA,5,"14,4","8,7","12,9",01:00,"15,9",10:10,,,,
2022-03-21,8058X,OLIVA,VALENCIA,5,"14,4","9,3","13,7",23:20,"15,1",12:30,,,,
2022-03-22,8058X,OLIVA,VALENCIA,5,"13,0","5,3","12,0",17:10,"14,1",00:20,,,,
2022-03-24,8058X,OLIVA,VALENCIA,5,,"0,0",,,,,,,,
2022-03-25,8058X,OLIVA,VALENCIA,5,"14,2",,"13,7",07:40,"14,6",09:30,,,,
2022-03-27,8058X,OLIVA,VALENCIA,5,"12,8","0,0","9,4",23:59,"16,2",15:00,,,,
2022-03-28,8058X,OLIVA,VALENCIA,5,"12,8","0,0","9,3",00:50,"16,2",14:50,,,,
2022-03-29,8058X,OLIVA,VALENCIA,5,"12,7","0,0","9,7",00:50,"15,7",12:00,,,,
2022-03-30,8058X,OLIVA,VALENCIA,5,"13,2",,"10,7",01:00,"15,8",12:20,,,,
2022-04-01,8058X,OLIVA,VALENCIA,5,"11,6","0,0","7,2",23:59,"15,9",14:50,,,,
2022-04-02,8058X,OLIVA,VALENCIA,5,"10,8","0,0","4,6",04:10,"17,0",12:50,,,,
2022-04-13,8058X,OLIVA,VALENCIA,5,,"0,0",,,,,,,,
2022-04-14,8058X,OLIVA,VALENCIA,5,"16,4","0,0","13,4",23:59,"19,5",12:40,,,,
2022-04-15,8058X,OLIVA,VALENCIA,5,"17,7","0,0","12,3",05:40,"23,1",14:20,,,,
2022-05-07,8058X,OLIVA,VALENCIA,5,"17,1","0,0","11,6",05:00,"22,6",18:30,,,,
2022-05-08,8058X,OLIVA,VALENCIA,5,"19,4","0,0","12,4",05:20,"26,4",17:00,,,,
2022-05-09,8058X,OLIVA,VALENCIA,5,,"0,0",,,,,,,,
2022-05-10,8058X,OLIVA,VALENCIA,5,,"0,0",,,,,,,,
2022-05-11,8058X,OLIVA,VALENCIA,5,,"0,0",,,,,,,,
2022-05-12,8058X,OLIVA,VALENCIA,5,"17,6","0,0","13,4",05:10,"21,8",12:10,,,,
2022-05-13,8058X,OLIVA,VALENCIA,5,"17,4","0,0","13,3",05:00,"21,6",14:50,,,,
2022-05-14,8058X,OLIVA,VALENCIA,5,"19,9","0,0","15,0",04:50,"24,8",16:30,,,,
2022-05-15,8058X,OLIVA,VALENCIA,5,"19,2","0,0","15,6",04:30,"22,8",18:20,,,,
2022-05-16,8058X,OLIVA,VALENCIA,5,"20,4","0,0","16,0",05:10,"24,9",16:50,,,,
2022-05-17,8058X,OLIVA,VALENCIA,5,"22,2","0,0","16,0",05:00,"28,3",18:10,,,,
2022-05-18,8058X,OLIVA,VALENCIA,5,"20,8","0,1","17,9",02:20,"23,7",18:00,,,,
2022-05-21,8058X,OLIVA,VALENCIA,5,"20,2","0,0","15,7",04:50,"24,7",14:40,,,,
2022-05-25,8058X,OLIVA,VALENCIA,5,,"0,0",,,,,,,,
2022-05-26,8058X,OLIVA,VALENCIA,5,"19,0",,"13,5",04:10,"24,6",17:00,,,,
2022-05-27,8058X,OLIVA,VALENCIA,5,,"0,0",,,,,,,,
2022-05-28,8058X,OLIVA,VALENCIA,5,"24,0","0,0","15,3",05:10,"32,7",17:00,,,,
2022-05-30,8058X,OLIVA,VALENCIA,5,"24,4","0,0","17,3",04:40,"31,4",11:30,,,,
2022-06-02,8058X,OLIVA,VALENCIA,5,"21,2",,"17,5",05:20,"25,0",14:50,,,,
2022-06-03,8058X,OLIVA,VALENCIA,5,,"0,0",,,,,,,,
2022-06-04,8058X,OLIVA,VALENCIA,5,"22,9","0,0","18,6",04:30,"27,2",17:00,,,,
2022-06-05,8058X,OLIVA,VALENCIA,5,"24,8","0,0","18,1",03:00,"31,4",16:30,,,,
